smiles,similarity,score-svm,pKi,pIC50,pKd,pEC50,is_active
COc1ccc(C(=O)Nc2ccc(C(C)(C)C)cc2)cc1OC,0.775,0.026068081501323902,5.477300610189249,4.948628165765573,5.147491669498692,4.249994662087576,0.062871315
CCc1ccc(CNc2ccc(OCc3ccccc3)cc2)cc1,0.7567567567567568,0.0012980131735505214,5.33930700982679,4.550562482722198,4.754244170444032,4.106623987064997,0.03541805
CCCOc1cccc(NC(=O)c2ccccc2)c1,0.7560975609756098,0.0019049402511143738,5.603334387994211,4.7297406095775525,5.030514938633544,4.011603582861356,0.06517998
COc1ccc(NC(=O)CSc2nc3ccccc3n2CCc2ccccc2)cc1,0.75,0.3429894794989096,6.207102998618619,5.139221505462786,5.207501481309414,4.565431091944276,0.07829697
CCCOc1cccc(NC(=O)c2cccc(NC(=O)c3cccc(C(N)=O)c3)c2)c1,0.75,0.01303306271932002,5.749672517111208,5.258525862548439,5.20194981197996,4.858178652157981,0.14841142
COc1ccc(-c2nc3ccccc3s2)cc1NC(=O)c1ccccc1OC,0.7454545454545455,0.17669040359893357,5.657408002570916,4.865058193131922,5.129456402037732,4.692763190046552,0.051156916
CCCOc1cccc(NC(=O)c2cccc(C)c2)c1,0.7441860465116279,0.0010020963718178502,5.757489746423552,5.082841622862345,5.144045247362088,4.157414188155422,0.11772637
COc1ccc(NC(=O)Cn2c(SCc3cccc(OC)c3)nc3ccccc32)cc1,0.7419354838709677,0.2055918654722127,6.136536205298955,5.037374012220776,5.200613469450771,4.751667438819382,0.073474236
O=C(NCC1CCCN(Cc2cccc(Cl)c2)CC1)Nc1ccc(Cl)cc1,0.7413793103448276,0.015144140484542648,6.035053744573808,5.650181112762309,5.248972434002369,5.022096341563867,0.31077194
COc1ccc(-c2nc3ccccc3s2)cc1NC(=O)c1cccc(Cl)c1,0.7413793103448276,0.07265538267350613,5.659820223790051,5.074016142689263,4.845322973619967,4.798715609656497,0.13123251
Cc1ccc(NC(=O)NCCCN2CCN(c3ccc(Cl)cc3)CC2)cc1,0.7407407407407407,0.23225475873950682,6.321605612602254,5.436922669493011,5.218425901035819,4.782288809735685,0.22181617
Oc1ccc(NCc2cccc(COc3ccccc3)c2)cc1,0.7368421052631579,0.0041086053061603674,5.755621991792635,5.436377465576921,5.0919243594925465,4.276108077179363,0.1746052
CCCOc1cccc(NC(=O)c2cccc(F)c2)c1,0.7272727272727273,0.0020973444839302753,5.666555953629377,5.060516173157563,5.120275392618664,4.137488339521817,0.09764381
O=C(Nc1ccc(Cl)cc1Cl)c1cc(Cl)ccc1O,0.725,0.00880839171390564,5.351575948714101,4.68180440146884,4.647738135022943,4.532147599763952,0.05592364
CCCOc1cccc(C(=O)Nc2cccc(C(C)=O)c2)c1,0.7209302325581395,0.002891593330434839,5.966696199067552,4.709865355907503,4.909604134465327,4.421246707879294,0.10547416
CC(C)C(C)NCCNC(c1ccccc1)c1ccccc1,0.72,0.0012579581508165838,5.565677168968534,4.797301939915416,5.057098005650279,4.198944605216672,0.05847801
Oc1ccc(NCc2ccccc2)cc1,0.71875,0.006056132699169933,5.497789539671024,4.699405238144478,4.582961313169248,4.182095684871464,0.065305375
Cc1ccccc1C(=O)Nc1ccc(-c2nc3ccccc3s2)c(O)c1,0.7142857142857143,0.5981458121337613,6.39016041470007,5.981623468514196,5.656732590008712,5.760411152639553,0.48956537
CC(=O)Nc1ccc(NCc2ccc(OCc3ccccc3)cc2)cc1,0.7073170731707317,0.005727380896898331,5.363186688614135,4.663737630156492,4.9016761775972215,4.597718960584331,0.06693509
CC(=O)Nc1ccc(OCc2ccc(NCc3ccccc3)cc2)cc1,0.7073170731707317,0.005727380896898331,5.335624188839239,4.718149708741463,4.848747203173072,4.608509907388235,0.07329611
Cc1cc(NC(=O)c2ccc(NC(=O)c3ccccc3)cc2)ccc1NC(=O)c1ccccc1,0.7045454545454546,0.009684232374528009,5.53215685229177,4.842709757976101,5.1055835108930925,4.451568081591901,0.042697642
O=C(Nc1ccc([N+](=O)[O-])cc1)c1cc(Cl)ccc1O,0.7045454545454546,0.5,5.592752775038655,4.8774504168039385,5.198386095270888,4.66285415314115,0.05331668
COS(=O)(=O)c1ccc(S(=O)(=O)N2CCC(c3ccncc3)CC2)cc1,0.7045454545454546,0.006331226536866657,5.669729601138595,5.52727683430861,5.258063144666987,4.435712174967309,0.17952658
COC(=O)C(Cc1ccccc1)NC(=O)OCc1ccccc1,0.7,0.0009171034017194981,5.19380086664474,4.456935120380538,4.687584914319502,4.246865924976242,0.04556758
CCCOc1cccc(NC(=O)c2cccc(C#N)c2)c1,0.6956521739130435,0.002798979863450852,5.818240600247536,5.114949225939012,5.045247940055777,4.257313274295682,0.10365815
CCCOc1ccc(NC(=O)c2ccc(OCCOc3ccccc3)cc2)cc1,0.6956521739130435,0.0111722032000442,5.693389140117872,4.917580151416587,5.094907207041645,4.216596635390749,0.10042926
CCCCOc1cccc(C(=O)Nc2ccc(C(C)(C)C)cc2)c1,0.6956521739130435,0.026364770791088128,5.955224244212036,5.108254456081747,5.264585942355649,4.529021711258942,0.1395295
Cc1ccc(Cl)cc1C(=O)Nc1ccc(NC(=O)NCC2CCN(Cc3ccccc3)CC2)cc1,0.6935483870967742,0.09538390234042934,6.288869457711707,5.823410238061327,5.295313263956002,4.527658613700951,0.19814135
COc1cc(C(=O)Nc2ccc(C(C)(C)C)cc2)cc(Cl)c1O,0.6888888888888889,0.15633679724757507,6.161818078390217,5.404996233533087,5.247716017195185,4.684325609217186,0.1801048
CCCOc1cccc(C(=O)Nc2cccc(Cl)c2)c1,0.6888888888888889,0.004056546276833624,5.935696469816935,4.971460429888349,4.937488767229567,4.351068759714745,0.115707114
CCOc1cccc(C(=O)Nc2cccc(OCCCl)c2)c1,0.6888888888888889,0.0008693413943461062,6.388987292030547,5.425071154716566,5.1797714143962885,5.141962069292688,0.23312812
CCCOc1cccc(NC(=O)c2ccc(C)c(C)c2)c1,0.6888888888888889,0.001083810960907879,5.59677600094267,4.961632792298393,5.185476307865064,4.292011479480091,0.07619623
CCOc1cccc(NC(=O)c2cccc(OCCF)c2)c1,0.6888888888888889,0.0016931314571914764,5.687167868817486,4.850049048777537,5.174467514026095,4.298548126125023,0.09361272
CCCOc1cccc(C(=O)Nc2cccc(Br)c2)c1,0.6888888888888889,0.0028779974586035342,6.142702866884901,5.15961051342315,5.057720996687418,4.441310738774684,0.1536729
Cc1ccc(NC(=O)CSc2nc3ccccc3n2Cc2cccc(Cl)c2)cc1,0.6875,0.435299605257979,6.391693727421823,5.273921950617836,5.191943414184195,4.596370766047602,0.07725773
Cc1ccc(NC(=O)CSc2nc3ccccc3n2Cc2cccc(F)c2)cc1,0.6875,0.5132521989866972,6.163900471911087,5.087336387833498,5.216551861935624,4.663261720586607,0.07984034
CCCOc1ccc(C)c(NC(=O)c2ccccc2)c1,0.6875,0.008522473297155771,5.826155569215144,5.266828287661558,5.2137843013207466,3.963097776958018,0.102612235
CCCOc1ccc(NC(=O)c2ccc(C)cc2)c(C)c1,0.6875,0.016618505348213974,5.984437388168045,5.3763783691207445,5.194759832885328,4.242279679198222,0.15057483
O=C(Nc1cccc(OCCOc2ccccc2)c1)c1ccccc1,0.6829268292682927,0.0009638833400611974,6.013595211813104,4.921686628502247,5.174199916686004,4.806667041393587,0.1066103
Cc1ccccc1COc1ccc(NCc2ccc(O)cc2)cc1,0.6829268292682927,0.021839338472130914,5.758096860909454,4.748094974362208,5.055694205076223,4.500894961124822,0.062948905
CCCOc1cccc(NC(=O)c2ccc(C(C)=O)cc2)c1,0.6818181818181818,0.0010541509215765946,5.49847190149562,4.788646377294463,5.012858438072877,4.240893409644296,0.05216651
O=C(Nc1ccc([N+](=O)[O-])cc1Cl)c1ccc(Cl)cc1,0.6818181818181818,0.022551174311756943,5.543153275182447,4.783346678099097,4.916914102178638,4.619367135914861,0.059500266
CCCOc1cccc(C(=O)Nc2cccc(OCc3ccccc3)c2)c1,0.6808510638297872,0.0025130755702455054,6.2281021309232925,5.272649364781446,5.22816106699636,4.973669020937114,0.18109013
CCCOc1ccc(-c2ccc(NC(=O)c3ccccc3)cc2)cc1,0.6808510638297872,0.12470749079626203,6.085776020466824,5.254356848073293,4.685573580391441,4.500495269114718,0.21589813
COc1ccc(NC(=O)c2ccc(C(=O)Nc3ccc(C(C)(C)C)cc3)cc2)cc1,0.675,0.10319245609541969,5.953320638523677,5.287852089292171,5.206622045094098,4.30469295680377,0.157777
COc1ccc(C(=O)Nc2ccc(C(C)(C)C)cc2)cc1,0.675,0.10319245609541969,5.719791969086976,5.227057517133201,5.255874245888626,4.182810148472074,0.10543012
Cc1ccc(C=CC(=O)OCCc2ccccc2)cc1,0.6744186046511628,0.008279562706588672,5.784359491845335,4.844325155058591,4.921806335215824,4.375652299548794,0.08932768
COc1ccc(NC(=O)c2ccc(C(C)(C)C)cc2)cc1O,0.6744186046511628,0.02389570917988719,5.588744272654677,5.169971384886314,5.012964477921969,3.9587803721572072,0.10135331
Cc1cc(NC(=O)c2ccccc2)ccc1NC(=O)c1ccc(C(=O)O)cc1,0.6739130434782609,0.013360533104477367,5.282194189976943,4.744567659186018,4.835360120712615,4.383701579025956,0.046423413
Cc1ccc(OCC(=O)Nc2cccc(Cl)c2)cc1,0.6727272727272727,0.003004382711914629,5.68712270172247,4.968127248800297,5.004592722833973,4.240857789931647,0.092682526
COc1cc(NC(=O)c2cccc(F)c2)ccc1NC(=O)c1cccc(C)c1,0.6666666666666666,0.0011761401931154462,5.494542628908717,4.904458002726061,5.16639445272103,4.443767695865271,0.051494315
CCCOc1ccc(C(=O)Nc2ccc(Oc3ccccc3)cc2)cc1,0.6666666666666666,0.003975021309798609,5.820829040500491,5.364499514106046,5.184790742441632,4.263289521310509,0.18505359
CCOc1cccc(NC(=O)c2ccc(OCCOc3ccccc3)cc2)c1,0.6666666666666666,0.0010076280798227432,5.354463816955692,4.486223579678979,4.816508074624995,4.164700054824569,0.036071543
CCCOc1ccc(NC(=O)c2ccc(-c3ccccc3)cc2)cc1,0.6666666666666666,0.035384293894894246,6.199408397026733,5.40757844729645,4.971103791410029,4.681753041239465,0.25591525
CCCOc1cccc(C(=O)Nc2ccc(F)cc2)c1,0.6666666666666666,0.003913565302473234,5.564615247166382,4.728154646653676,4.94259889537081,4.068065847903769,0.0563468
Oc1ccc(NC(=S)NCc2ccc(OCc3ccccc3)cc2)cc1,0.6666666666666666,0.09971988883517512,5.4052054453161045,4.710427420886088,5.096386412068392,4.516732714745456,0.058016308
O=C(C=Cc1cccc(Cl)c1)OCCc1ccccc1,0.6666666666666666,0.0032330718611285275,6.0603124426407735,5.00711116506749,5.03122739696813,4.6077159007631545,0.1130028
CCCOc1cccc(NC(=O)c2cccc([N+](=O)[O-])c2)c1,0.6666666666666666,0.015493722667787826,6.122817433029149,5.1016988800157765,5.115709337086316,4.574694885250239,0.1498748
CCCOc1cccc(NC(=O)c2ccc(Cl)cc2)c1,0.6666666666666666,0.0027943575693657133,5.767836038747671,4.999919939428363,5.011820821721395,4.109699279551293,0.11670988
NS(=O)(=O)c1ccc(CNc2ccc(OCc3ccccc3)cc2)cc1,0.6666666666666666,0.003244170544693123,5.5513825293868,5.218389861809764,5.152141031606441,4.656850405047411,0.11531811
CC(C)(C)c1ccc(NC(=O)c2ccc(C(C)(C)C)cc2)cc1,0.6666666666666666,0.03593701204892236,5.897668636487383,5.369242098688816,5.191340695152475,4.247757660572413,0.17096503
O=C(NC1CCCN(Cc2ccccc2)CC1)c1ccc(F)cc1,0.6610169491525424,0.0007770322056904703,6.2559698429459845,5.492179021849783,5.262061494081407,4.851864094558205,0.21575293
O=C(NCC1CCN(Cc2ccccc2)CC1)Nc1ccc(Cl)cc1,0.6607142857142857,0.021576287898504277,5.996865693258988,5.2466617543301775,5.165011318212636,4.501097913548922,0.14716518
Cc1ccccc1NC(=O)c1ccc(NC(=O)c2ccc(OCCCOc3ccccc3)cc2)cc1,0.66,0.005125791448671046,6.108737402523482,5.117836406533985,5.183765501407337,4.904025568827413,0.16650131
CCCOc1ccc(C(=O)Nc2ccc(NC(=O)c3ccccc3C)cc2)cc1,0.66,0.07658239996909283,6.236614901716291,5.543661231789557,5.265319167909065,4.6062165248239655,0.20248696
Cc1ccc(OCC(=O)N(C)Cc2ccco2)cc1,0.66,0.015995326451027348,5.52363459664955,4.191419332730339,4.706430837333128,4.1995298444474845,0.02714431
CCCN=CNC(=O)c1cccc(C(=O)Nc2cccc(OCCC)c2)c1,0.66,0.021533358187085242,6.465631840710373,5.663810978899485,5.343792686722352,5.451748477078833,0.33047816
CCCOc1cccc(NC(=O)c2ccc(OC(N)=O)cc2)c1,0.6595744680851063,0.0029614963681723686,5.481884430428081,4.7281223392377125,5.074242723556087,4.626977515995956,0.042975523
CCCOc1cccc(C(=O)Nc2ccc(C)c(O)c2)c1,0.6595744680851063,0.007782318156381655,6.227688085210917,4.9866633616852365,5.023207691485108,4.7237790639448605,0.11766336
O=C(Nc1cc(Cl)ccc1Cl)c1ccc([N+](=O)[O-])cc1O,0.6595744680851063,0.07214336167647188,5.832032332876633,4.895552108063089,5.072617306459564,4.64719554103216,0.07796295
CCOC(=O)COc1ccc(COc2ccc(NCc3ccccc3)cc2)cc1,0.6590909090909091,0.0047462770701973125,5.534327665615378,4.6677499339899855,4.999581524231738,4.4058236553566426,0.04941688
CCCOc1cccc(C(=O)Nc2ccc(NC(=O)c3ccccc3)cc2)c1,0.6590909090909091,0.008588375322125663,6.007715977086956,5.045024260474478,5.231932775351886,4.469649020783602,0.11655247
COc1ccccc1C(=O)Nc1ccc(C(=O)Nc2ccc(C(C)(C)C)cc2)cc1,0.6590909090909091,0.08834158020429522,6.282882814451459,5.534876428917834,5.299264038858772,5.0482203943746775,0.25121656
CCOc1ccc(C=Cc2ccccc2)cc1,0.65625,0.0009529568640322602,5.663173476291031,4.994542164690847,5.078031638233574,4.389455859292332,0.08527003
COc1ccc(Nc2cc(C(F)(F)F)nc(N3CCOCC3)n2)cn1,0.6557377049180327,0.0157496665734505,6.520870524835308,5.629751897417379,5.202964289433012,5.130962961606415,0.16383623
O=C(CSc1nc2ccccc2n1Cc1ccccc1)Nc1ccc(Br)cc1,0.6557377049180327,0.2935375138372435,6.346044248902386,5.172215720457708,5.175263678394224,4.723122146864054,0.08689093
CNc1ccc(NC(=O)c2cccc(NC(=O)c3cccc(F)c3)c2)c(OC)c1,0.6551724137931034,0.0037923099780668985,6.0887743776150005,5.580745334290795,5.228547972353367,4.908012743232316,0.15830347
COC(=O)Nc1ccc(NC(=O)c2cccc(NC(=O)c3cccc(F)c3)c2)c(OC)c1,0.6551724137931034,0.007875001799946678,6.082071494889946,5.292244034162966,5.116129780111567,4.812702796076179,0.13041906
Nc1nc2cc(F)ccc2o1,0.6551724137931034,0.003759774758345534,5.52237342607696,4.931544423532458,4.9132810701614185,4.671385322156581,0.06909284
CCN(CC)CCNC(=O)c1cc(C)nc2ccccc12,0.6545454545454545,0.004957644402097334,6.441828790159792,5.457878364083581,5.241277357137045,5.134463219591073,0.2030571
O=C(COc1ccc(Br)cc1)N(Cc1ccc(F)cc1)Cc1ccco1,0.6545454545454545,0.00464550922333684,6.278705972807532,4.809975688019746,4.97976626204399,4.511221929847658,0.09490439
CCOc1ccc([N+](=O)[O-])cc1NC(=O)c1cc(Cl)ccc1O,0.6538461538461539,0.043949794953810316,5.501384061500806,4.844385628906232,5.135935400249888,4.557998855985916,0.05135165
CCN(CC)CCCOc1cccc(NC(=O)c2cccc(Br)c2)c1,0.6530612244897959,0.0012350159871563496,6.677523940032367,5.744895648194714,5.363071521259075,5.093682752164728,0.39320678
CC(=O)Nc1cccc(C(=O)Nc2cccc(OCCCOc3ccc(Cl)c(Cl)c3)c2)c1,0.6530612244897959,0.0004373962105465138,6.1919911104372325,5.605014751861916,5.191719724631476,5.002838512709944,0.06648824
CCCOc1cccc(NC(=O)c2ccc(C(N)=O)c(O)c2)c1,0.6530612244897959,0.011666183415932896,5.654661811207739,4.927290065452586,5.098146878125911,4.719437447740188,0.0850785
O=C(Nc1ccc([N+](=O)[O-])cc1)c1cc(NC(=O)c2cc(Cl)ccc2Cl)ccc1O,0.6530612244897959,0.20603694636015224,5.620522868058405,5.075421607049423,5.1892388429947705,4.87362397632117,0.0879818
CNc1ncc(Cl)c(C(=O)NCc2ccccc2)n1,0.6530612244897959,0.005970076333900736,5.61163699801009,4.921638165923485,5.168939107086201,4.455101927261936,0.064620174
CCCOc1cccc(C(=O)Nc2ccc(OCCOC)cc2)c1,0.6521739130434783,0.013418449469320233,6.126880934203729,4.928104817621743,5.037061689875864,4.491311468218093,0.12275898
COc1ncccc1CN1CCC(CNC(=O)Nc2ccc(C)c(Cl)c2)CC1,0.6515151515151515,0.0018662274371753125,6.64781286718536,5.666159818204012,5.262770278023417,5.151698629420834,0.2737234
Cc1ccc(-c2nc3cc(Cl)ccc3o2)cc1NC(=O)c1ccco1,0.6507936507936508,0.24739163565981911,6.096946642211685,5.005504415320332,5.198439532346483,4.619346426278196,0.10541129
COC(=O)c1ccc(NC(=O)c2ccc(C(C)(C)C)cc2)cc1,0.65,0.007624896176725661,6.263975485615764,5.5499645100271495,5.097627436989254,4.429667119932384,0.24765679
COC(=O)c1ccc(C(=O)Nc2ccc(C(C)(C)C)cc2)cc1,0.65,0.007624896176725661,6.2822095267154445,5.413856892971139,5.231065758320079,4.249661659071808,0.19018075
O=C(Nc1cccc(F)c1)c1ccc(NC(=O)c2cc3ccccc3o2)cc1,0.6491228070175439,0.05761967159529785,6.232695054573793,5.316446700449478,5.214870861594351,4.697671412929294,0.09764603
Cc1cc(NC(=O)c2ccccc2)ccc1NC(=O)COc1ccc(Br)cc1,0.6481481481481481,0.004608831303195167,5.92199033882776,5.015444402810987,5.173955102422751,4.499502459063299,0.08510575
CCCOCCOc1cccc(NC(=O)c2cccc(OCCCSCC)c2)c1,0.6470588235294118,0.00969267184550262,6.561760952027593,5.794256505913819,5.471234445212004,5.445080864858119,0.44357884
CCCOc1ccc(C(=O)Nc2cccc(C(=O)Nc3cccc(C)c3)c2)cc1,0.6470588235294118,0.002578231166993772,6.066459906732761,5.141702345260005,5.199276299092055,4.684944831533858,0.12263528
CCCOc1ccc(NC(=O)c2ccc(OCC)cc2)cc1C,0.6470588235294118,0.004974940770375091,5.511928212647948,5.058351858061076,5.04997752353924,4.291810600431888,0.09709924
COC(=O)COc1ccc(-c2nc3ccccc3[nH]2)cc1[N+](=O)[O-],0.6461538461538462,0.00431623545424454,5.940787164054438,4.759518996696778,4.623347943040329,4.665903453907847,0.093268685
CC(C)(C)c1ccc(S(=O)(=O)N2CCC(c3ccccn3)CC2)cc1,0.6458333333333334,0.0216085636255508,6.117017347127444,5.4208056745813336,5.170146607036858,4.261611665683586,0.14697553
COCCOc1cccc(C(=O)Nc2cccc(C(C)=O)c2)c1,0.6444444444444445,0.0017797750969747604,6.085525968449008,4.814729074531909,4.89773291391467,4.523216432593588,0.1189547
CCOc1cccc(NC(=O)c2cccc(CC)c2)c1,0.6444444444444445,0.0005959576102757566,5.809865901667204,5.3823712670003125,5.140159328124772,4.188120788042209,0.16479743
CCOc1cccc(NC(=O)c2cccc(Cl)c2)c1,0.6444444444444445,0.0008124871113124957,5.988115306130099,5.353009318437925,5.148712830569879,4.291011640276728,0.16238911
CCOc1cccc(NC(=O)c2cccc(N)c2)c1,0.6444444444444445,0.0020735329633308546,5.350992658680034,4.867969646761432,4.923181512884524,4.2117606431447525,0.06567959
CCCOc1cccc(C(=O)Nc2ccc(C)cc2)c1,0.6444444444444445,0.012856118652338286,5.838255639722899,4.774848114327334,4.9095030674390685,4.265664861434956,0.08454077
CC(=O)NCCNC(c1ccccc1)c1ccccc1,0.6428571428571429,0.0015071328778939192,5.397196173578076,4.591455966713835,4.8922703385994,4.1154373411919405,0.036367618
CCCOc1ccc(NC(=O)c2ccc(NC(=O)Nc3cccc(C(=O)O)c3)cc2)cc1,0.6415094339622641,0.1587686501433909,5.876215630555301,5.365305686352506,5.092277280636642,4.15707580191735,0.15759926
CCCNCC(O)COc1ccccc1C(=O)OC(C)C,0.6415094339622641,0.0030434878938262163,5.552636271177328,4.935180782070964,5.04120638336374,4.617048899441346,0.06951658
COc1ccc(NC(=O)c2ccc(NC(=O)c3ccccc3)c(C)c2)cc1,0.64,0.02935031534662055,5.822209366542567,5.428660944368322,5.170825955426302,3.92556776274741,0.13186593
CCCOc1ccc(NC(=O)c2ccccc2)c(N)c1,0.64,0.025778492593893056,5.861082286073811,5.402653063309558,5.24988751015057,4.164591125078447,0.13593863
CCCOc1ccc(C=Cc2ccc(NC(=O)c3ccccc3)cc2)cc1,0.64,0.08005790097335704,6.30557079077738,5.36287018554017,5.177653415524647,4.989136229848338,0.17827497
CCCOc1ccc(C(=O)Nc2ccc(C#Cc3ccccc3)cc2)cc1,0.64,0.09595390172392293,6.094886244861005,5.357444071707057,5.18921316014409,5.247755785076352,0.22217222
CCOCCOc1cccc(C(=O)Nc2cccc(C(C)=O)c2)c1,0.6382978723404256,0.00394082967752514,6.220123362559312,4.886262671722694,4.978362487539475,4.526240843285396,0.13531181
CCCOc1cccc(C(=O)Nc2ccc(Cl)c(Cl)c2)c1,0.6382978723404256,0.0007437936766802936,6.11943889288914,5.264470366145124,5.128151159494306,4.484033352743687,0.1260314
CCCOc1cccc(NC(=O)c2ccsc2)c1,0.6382978723404256,0.0058100831566725054,5.904549010442143,5.056314710548055,4.9855801878700525,4.49614711782127,0.13317873
CCCOc1ccc(C(=O)Nc2ccc(C)cc2)cc1,0.6382978723404256,0.05692261010672952,5.947548721218874,4.975210313253258,5.125536947909301,4.132743894489159,0.09649958
CCc1ccccc1N1CCN(CCCNC(=O)Nc2ccc(C)cc2)CC1,0.6379310344827587,0.05197863296194954,6.1526137022920615,5.526630917452465,5.251969527146593,4.600592210139907,0.13835724
O=C(O)CCOc1cccc(NC(=O)c2ccccc2)c1,0.6363636363636364,0.0008707756793103868,5.315168290400585,4.364332617965137,4.410790575040718,4.04807626756644,0.035623286
CCOc1cccc(C(=O)Nc2cccc(NC(=O)c3ccccc3)c2)c1,0.6363636363636364,0.0009331657711296017,6.096188998457287,5.204662266220692,5.16348982957357,4.558789545603557,0.14188814
CCOc1cccc(C(=O)Nc2cccc(C(=O)Nc3ccccc3)c2)c1,0.6363636363636364,0.0011514729165841106,6.062743758788418,5.010851551587256,4.91109487332472,4.547503688420155,0.1383246
CCOC(=O)c1ccccc1NC(=O)NCC1CCN(Cc2cccc(Cl)c2)CC1,0.6363636363636364,0.010958245030369015,6.1635302813836645,5.395661685356869,5.193699377796316,4.316990907128743,0.16223766
CCN(CC)CCNC(=O)c1cc(-c2cccs2)nc2cc(Br)ccc12,0.6349206349206349,0.07165073122042909,6.101627109250397,5.1995120022461085,5.215149233188671,4.896414489305236,0.14644206
CCCOc1ccc(CNC(=O)c2ccc(NC(=O)c3ccccc3)cc2)cc1,0.6346153846153846,0.020240532313698902,6.440980291558019,5.425329669021275,5.418290968763102,4.567313174726953,0.26826206
CCCOc1ccc(NC(=S)Nc2ccccc2NC(=O)c2ccccc2)cc1,0.6346153846153846,0.1138596565362409,5.938104495848098,5.115784312636679,5.145834321068258,4.34807875995898,0.09669963
O=C(Nc1cccc(Cl)c1-c1ccc(Cl)cc1)c1cc([N+](=O)[O-])ccc1O,0.6346153846153846,0.1573486872201054,5.8828768889374095,5.003043136002845,5.155768069171379,4.861602888944161,0.095693395
CCOCCOC(=O)c1ccc(OCC(=O)N(Cc2ccccc2)Cc2ccco2)cc1,0.6333333333333333,0.009978112046175436,5.751611328428662,4.387468182482664,4.921665503788373,4.398682675375465,0.05131898
CCCOCCOc1cccc(C(=O)Nc2cccc(Cl)c2)c1,0.6326530612244898,0.009921056441987723,6.291920418663569,5.17303590996663,5.067834259852221,4.6141151733678845,0.19122677
O=C(Nc1ccc([N+](=O)[O-])cn1)c1cc(Cl)ccc1O,0.6326530612244898,0.6456157182947305,5.945397250096236,5.268814627106319,5.2039563982103045,4.910727469738328,0.10141794
COc1ccc(NC(=O)CSc2nc3ccccc3n2CC(=O)Nc2ccccc2C(=O)O)cc1,0.6323529411764706,0.6059941727340626,5.863426361305182,5.0928253026243615,5.116009239297908,4.61864188446332,0.095755234
O=C(O)COc1ccc(NCc2ccccc2)cc1,0.631578947368421,0.0010492160029286811,5.3814101483497145,4.354255497738404,4.546316205447995,4.40102323985826,0.04204098
CNC(=O)COc1ccc(-c2nc3ccccc3s2)cc1NC(=O)c1ccc(F)cc1,0.6307692307692307,0.054932289185573635,6.196245950870311,5.5425558256702026,5.3209339839042045,5.285579482836743,0.25493994
CCc1cc(F)ccc1NC(=O)NCC1CCN(Cc2cccc(Cl)c2)CC1,0.6307692307692307,0.0040985831407555585,5.684296447801786,4.914836840948503,5.150253780780029,4.351149939933408,0.08612844
COCCOCCOc1cccc(NC(=O)c2ccccc2)c1,0.6304347826086957,0.002166748032494562,5.677638905132942,4.4119490537658494,5.032750484189739,4.084225511518533,0.050975494
CCCOc1cccc(C(=O)Nc2ccc(C(=O)O)cc2)c1,0.6304347826086957,0.013588640656724636,5.427170756056987,4.477299483908325,4.798619100696328,4.222064256675034,0.05387962
CC(C)OCCOc1cccc(NC(=O)c2ccccc2)c1,0.6304347826086957,0.004655478070980542,5.525610460626851,4.371697244263227,4.970633658266185,4.043800686424749,0.02732178
CCCOc1cccc(C(=O)Nc2ccc(Cl)cc2)c1,0.6304347826086957,0.02007007905800926,5.57954231839485,4.850875387444819,4.7451404957248045,4.166394885754873,0.08394909
CC(C)OC(=O)Cc1ccc(COc2ccc(NCc3ccccc3)cc2)cc1,0.6304347826086957,0.005808366212612696,5.394218753953235,4.509520441817404,4.886706287831176,4.15881329310657,0.037509903
O=C(Nc1cc(C(F)(F)F)ccc1Cl)Nc1cccc(Cl)c1Cl,0.6304347826086957,0.0013879979538396453,5.695594887289487,4.874279250967857,4.990001526921442,4.673990194422808,0.08355405
CCCOc1cccc(C(=O)Nc2ccc(N)cc2)c1,0.6304347826086957,0.013928238876582366,5.27998538439093,4.595103339076198,4.817234586092441,4.281963387447915,0.042338647
CC(C)CCOc1cccc(NC(=O)c2ccccc2)c1,0.6304347826086957,0.0014016354144659575,5.818443472589312,4.91927302694359,5.239709844405993,3.9936186594774745,0.097886376
CCCOc1ccc(NC(=O)c2cccc(OC)c2)cc1,0.6304347826086957,0.005697348228401268,5.9737095552384725,5.28817935143958,5.2464600152794185,4.221646346637291,0.1431705
CCCOc1cccc(C(=O)Nc2ccc(Br)cc2)c1,0.6304347826086957,0.006892409683344577,5.77024484825408,4.9099491706800205,4.949138475333696,4.192352070449944,0.09686152
CCOc1cccc(NC(=O)c2cccc(NC(=O)c3ccc(C)cc3)c2)c1,0.6304347826086957,0.0009523142719085091,5.900075244571437,5.318637315464491,5.184120504018564,4.523933394308495,0.15757011
CCOc1cccc(NC(=O)c2cccc(Oc3ccccc3)c2)c1,0.6304347826086957,0.000157340943229636,5.702595053273156,5.329633094474766,5.110133811922378,4.683236275078023,0.18184501
CCCOc1ccc(NC(=O)c2cccc(NC(=O)c3ccccc3C)c2)cc1,0.6296296296296297,0.08613446511531016,6.183022224367122,5.376586748965627,5.24868577373117,4.405513015831561,0.18799989
CCCOc1ccc(C(=O)Nc2ccc(NC(=O)c3ccc(Br)cc3)c(Cl)c2)cc1,0.6296296296296297,0.002890331030625888,6.255283977511863,5.668086629119173,5.216198097851841,4.865387072585166,0.15898558
COc1ccc(C(=O)Nc2ccc(NC(=O)Nc3ccc(C(C)(C)C)cc3)cc2)cc1,0.627906976744186,0.5368598378556362,5.849954943813524,5.211776879277261,5.222934536402151,4.352913538849569,0.1075084
CCOc1cccc(C(=O)Nc2ccccc2)c1,0.627906976744186,0.0013865200995667418,5.511799362208677,4.60490684910561,4.524736093259808,4.166523696222991,0.060346875
COc1ccc(C(=O)c2ccc(NC(=O)c3ccc(C(C)(C)C)cc3)cc2)cc1,0.627906976744186,0.04915451745399622,5.735198407777311,5.035896487497086,5.052355572554795,4.364397230837181,0.10535695
CCN(CC)CCCOc1cccc(NC(=O)c2cccc(NC(=O)NC)c2)c1,0.6274509803921569,0.009590629163473868,6.563295048787882,5.732702269670807,5.375620247818041,5.223053424632391,0.3656459
CCCOc1cc(C(=O)Nc2ccccc2)ccc1NC(=O)c1ccccc1,0.6274509803921569,0.01399292870974737,6.035558757514223,5.189168422275722,5.241455483646073,4.758406457458603,0.14473364
CCCOc1ccc(NC(=O)c2cccc(-c3ccccc3)c2)cc1,0.6274509803921569,0.027344965238313767,6.352943860923121,5.489933909571195,5.183709993418455,4.755739014827023,0.2637763
CCN(Cc1ccco1)C(=O)COc1ccccc1,0.6274509803921569,0.007767409998980368,6.199666422044489,4.706630480077747,4.824657102373084,4.4580269182852765,0.076140285
Cc1ccc(CC(=O)N(Cc2ccccc2)Cc2ccco2)cc1,0.6274509803921569,0.0282498260377795,5.471609799314085,4.464442682229954,4.9316326504487,4.307171433086045,0.024668198
O=C(NCCCN1CCN(c2ccccc2Cl)CC1)NC(=O)Nc1ccc(Cl)cc1,0.6271186440677966,0.022671732106887815,6.274682740664827,5.654227352229635,5.342134791287296,5.270449267672356,0.27280104
CCCCOc1ccc(C(=O)Nc2cccc(CCOC)c2)cc1,0.625,0.005417054690912076,6.532438072728751,5.301000194795689,5.322871074917736,4.56709738132926,0.21657164
NC(=O)COc1ccc(NCc2ccc(O)cc2)cc1,0.625,0.04424899646664855,5.3466316598375245,4.772356700817364,4.903524790533889,4.556420376239465,0.05339716
CC(c1ccccc1)N1CCC(Cc2ccc(-c3ccc(O)cc3)cc2)CC1,0.625,0.051853819110428266,6.957844512335149,6.18800554894324,6.106835144531969,6.04953103730458,0.62953955
O=C(Nc1cccc(Cl)c1)c1cc([N+](=O)[O-])ccc1O,0.625,0.12010327930197023,5.43587203354202,4.8712596863637465,5.119083238529505,4.633058285805794,0.053878136
CCOc1cccc(NC(=O)c2cccc(C(=O)Nc3ccccc3C)c2)c1,0.625,0.0009165884752784054,6.259977402461226,5.350877492060567,5.232199964128763,4.647638728488028,0.14429833
CC(C)CCOc1cccc(NC(=O)c2cccc(O)c2)c1,0.625,0.014623895602310758,6.187166173989523,4.9996921201376505,5.195670747560829,4.674822726499745,0.138436
O=C(Nc1cccs1)Nc1ccccc1-c1ccc(C(F)(F)F)cc1,0.625,0.09107517439729462,5.724521239912047,5.355306026370074,5.1223465439047935,4.869715939741092,0.18477766
CCC(C)CCOc1cccc(NC(=O)c2ccccc2)c1,0.625,0.0048140562480859395,5.888989431980913,5.10358320297327,5.428961716487279,4.088876759076387,0.13733685
CCOC(=O)c1ccc(OCCc2ccc(NC(=O)c3ccccc3)cc2C)cc1,0.625,0.0017453102437864961,6.193471606666386,5.187166817633559,5.307443992608933,4.475328777902236,0.147628
Cc1cc([N+](=O)[O-])ccc1NC(=O)c1cc(Cl)ccc1C,0.625,0.2187574095050931,5.445257767086278,4.787963359958386,5.1498697858571,4.454764778800097,0.044349544
CCC(=O)Nc1cccc(NC(=O)c2cccc(OCCN)c2)c1,0.625,0.014325668947799857,6.25729199618434,5.614415391090944,5.165267316105363,4.985034666013165,0.25291318
O=C(Nc1ccc(OCc2ccc(NCc3ccccc3)cc2)cc1)c1ccc(O)c(O)c1,0.625,0.020046923659939497,5.955984942401517,5.256678719810606,5.240628645353601,4.673578484557883,0.14176863
O=C(CSc1nc2ccccc2n1Cc1ccccc1)Nc1cccc(F)c1,0.625,0.08259528909614447,6.557599805678068,5.347428710668387,5.200843373342153,4.969905469754871,0.14322652
CCCOc1ccc(C(=O)Nc2cc(C)cc(C)c2)cc1,0.625,0.025264151240190102,5.732545419548461,4.810992140376542,5.097066987429038,4.334535752496592,0.08269033
CCc1ccc(NC(=O)CSc2nc3ccccc3n2Cc2ccc(C)cc2)cc1,0.625,0.6478165147893141,6.502642645578052,5.149017706679308,5.149574022809987,4.759125093172668,0.100837916
Cc1cccc(C(=O)Nc2cccc(NC(=O)c3cccc(OCCCF)c3)c2)c1,0.625,0.00427833143133144,6.428681515392915,5.887130419381235,5.292326056985004,5.269078920156293,0.31892258
CCOC(=O)c1ccccc1C(=O)Nc1ccc(NC(=O)c2ccccc2)c(C)c1,0.6226415094339622,0.013330480596161176,6.49952253466633,5.701791355265466,5.123513431115481,5.008573767644113,0.29088157
CCCOc1ccc(C(=O)Nc2ccc(C)c(S(N)(=O)=O)c2)cc1,0.6226415094339622,0.04686373883102754,5.700324437395895,5.115351028540223,5.15533477962327,4.575295876477209,0.07776709
CCCOc1ccc(C(=O)Nc2ccc(C(=O)Nc3cc(C)ccc3O)cc2)cc1,0.6226415094339622,0.06145269438426973,6.394538051567454,5.629187550052832,5.263617422171213,5.00390843582454,0.23139432
CCOc1cccc(NC(=O)c2ccc(OC)cc2)c1,0.6222222222222222,0.00048067451242571433,5.499972104363818,4.843088754946304,4.833283302985196,4.081900716327783,0.071720585
CCOc1cccc(NC(=O)c2ccc(NC(=O)c3ccccc3)cc2)c1,0.6222222222222222,0.0014453822861565883,5.409570727529574,4.610223421104045,4.78933560771144,4.0682592701219615,0.036048602
COc1cccc(C(=O)Nc2ccc(C(C)(C)C)cc2)c1OC,0.6222222222222222,0.24646579989711156,5.689856765415347,5.213466991008353,5.233760844242305,4.27069345934117,0.10538985
CN(C)c1ccc(CN(Cc2ccco2)C(=O)Cc2ccccc2)cc1,0.6206896551724138,0.011652539497237949,6.1055335948117975,4.984428254550624,5.198373668044155,4.572120273978929,0.10359581
CCOc1ccc(NCc2ccc(-c3ccc(C(F)(F)F)cc3)cc2)cc1,0.62,0.006511611041606072,6.274114252897475,5.52138363176074,5.315054782870664,4.64538882751768,0.29916084
CCONCCOc1cccc(NC(=O)c2ccc(OC)cc2)c1,0.62,0.003968424982093239,6.127996767731934,5.432407342681086,5.242329132220225,5.043334237383846,0.24069141
CCN(CC)CCCOc1cccc(C(=O)Nc2cccc(C)c2)c1,0.62,0.0007702758571188728,6.270819748485903,5.164010524073369,5.245385040533816,4.810646281468522,0.15319528
CCc1ccccc1OCCOc1cccc(NC(=O)c2cccc(C)c2)c1,0.62,0.010949881291177603,5.61868150558072,4.57108148310628,4.988683491906308,4.403095412147223,0.058049656
CCCOc1ccc(NC(=O)c2cccc(C)c2)cc1,0.62,0.008480855530993002,5.722421916867323,4.989410854990219,5.157057582313269,4.026895516100207,0.09900833
COc1ccc(NC(=O)Cn2c(SCC(=O)Nc3cc(Br)ccc3C)nc3ccccc32)cc1,0.6197183098591549,0.4094205316137376,6.315305131830151,5.291840962460384,5.155323595285848,4.5609847553969765,0.025761344
COc1ccc(NC(=O)CSc2nc3ccccc3n2CC(=O)NC(C)c2ccc(Cl)cc2)cc1,0.6197183098591549,0.7022496113855821,6.329119499070141,5.544903986208063,5.277425707825694,4.641073343277688,0.13370986
COc1ccc(NC(=O)CSc2nc3ccccc3n2CC(=O)Nc2cc(F)ccc2C)cc1,0.6197183098591549,0.4167502509293743,6.076215490349211,5.318853145850319,5.19047990489806,4.650108152792795,0.056304093
O=C(Cc1ccc(OCc2ccccc2)cc1)Nc1ccc(O)cc1,0.6190476190476191,0.07188542822867842,5.66607653033777,4.794342885287178,5.074109343226936,4.47424940436026,0.07684795
Cc1ccc(NC(=O)NC(=O)CNC(=O)NCCCN2CCN(c3ccc(Cl)cc3)CC2)cc1,0.6190476190476191,0.4846117358395998,6.428019549452953,5.503552545456694,5.3661143445762445,5.247601270291679,0.2644053
COc1cc(NC(=O)CCc2ccccc2)ccc1NC(=O)c1cccc(F)c1,0.6190476190476191,0.0026845245292425905,5.449230822434405,4.715568018386866,5.169270910625292,4.365401215492926,0.05203491
O=C(Oc1ccc(CNc2ccc(O)cc2)cc1)c1ccccc1,0.6190476190476191,0.005811192690320982,6.0197017341874925,5.165630601178728,4.995356928412285,4.46928867748339,0.15443201
COc1ccccc1NC(=O)c1cc2ccccc2o1,0.6181818181818182,0.006822737804423238,5.474620507277765,4.486174705473638,4.694175184010398,3.926409788625835,0.033455506
O=C(Nc1ccc([N+](=O)[O-])cc1Cl)c1cc(Cl)ccc1C(=O)c1ccc(C(F)(F)F)cc1,0.6181818181818182,0.12422729287437403,6.271782430254376,5.1663091200552325,5.144703463986889,4.956590989356428,0.14857481
Cc1ccc(C)c(N2CCN(C(=O)Nc3ccc(Cl)cc3)CC2)c1,0.6181818181818182,0.05825526624575647,6.024846233275919,5.535092081152651,5.2504355618058245,4.752654060599469,0.1434798
CC(C)(C)CCCOc1cccc(C(=O)Nc2ccccc2)c1,0.6170212765957447,0.00466629207417598,5.82193127029479,4.982320312608264,5.033878405829348,4.090772463621101,0.10464388
CCCOc1ccc(C(=O)Nc2ccc(OCC)cc2)cc1,0.6170212765957447,0.020597027300892547,6.148191312313087,5.335561634795545,5.199187237272856,4.122020333006828,0.14931075
COc1cccc(C(=O)Nc2ccc(C(=O)Nc3ccc(C(C)(C)C)cc3)cc2)c1O,0.6170212765957447,0.06920779835966373,5.697013728907857,5.0373396319084005,5.187844927325096,4.387522026610856,0.08069317
CCOc1cccc(NC(=O)c2cccc(CN)c2)c1,0.6170212765957447,0.0005197519023435254,6.376096111410986,5.709472202977822,5.249146418576398,4.987580435246329,0.31371516
CCOc1cccc(NC(=O)c2cccc(Nc3cccc(C(=O)O)c3)c2)c1,0.6170212765957447,0.0020889331937103094,5.7945343835551,5.587776798136575,5.060490905548339,4.649687331699632,0.24433495
O=C(Nc1ccc(F)cc1)c1ccc(OCc2ccc(NCc3ccccc3)cc2)cc1,0.6170212765957447,0.004162831027286665,5.8207285364658645,4.887463044802698,5.21247073629195,4.567368676292452,0.06804925
CC(=O)Nc1ccc(NC(=O)c2ccccc2)c(C)c1,0.6170212765957447,0.0038969478540140452,5.843354358207911,5.761999396167698,4.968551403935002,4.237987918133975,0.26183227
O=C(O)C(Cc1cccnc1)NCc1cccnc1,0.6170212765957447,0.002552935205531828,5.25293638562503,4.2865583387858335,4.698571046992057,4.393816406324747,0.041069344
COc1ccc(NC(=O)c2ccc(NC(=O)c3cccc(F)c3)c(OC)c2)cc1O,0.6166666666666667,0.004887313378651699,5.8298574743851335,5.257824536376271,5.205951387146054,4.386330414673457,0.091349564
Cc1ccc(N2CCC(CNC(=O)Nc3ccc(C)c(Cl)c3)CC2)cc1,0.6166666666666667,0.006937444790643467,6.0065041115021005,5.343136902329397,5.24590367954332,4.877888647538488,0.14019038
CC(=O)OC(=O)NCC1CCN(Cc2cccc(Cl)c2)CC1,0.6166666666666667,0.0038962710770442536,6.022046976007073,5.409542970646021,5.231584394368639,4.454088825149682,0.19814707
CC(=O)Nc1ccc(NC(=O)CSc2nc3ccccc3n2Cc2ccc(F)cc2)cc1,0.6153846153846154,0.3119109262005181,6.264867599910192,5.0773842045181095,5.178822394955576,4.681504109809286,0.09139404
CCCOc1ccc(C(=O)NNC(=O)Nc2ccc(C(=O)Nc3ccccc3)cc2)cc1,0.6153846153846154,0.10778319621025448,6.007546199611142,5.459443568987951,5.233747174109756,4.628285537695042,0.20364219
COc1cccc(NC(=O)CSc2nc3ccccc3n2CC(=O)c2ccccc2F)c1,0.6142857142857143,0.12484187904271195,5.993550877891924,5.21240280043298,5.231491189000699,4.68220451423349,0.07126033
CCN(c1ccccc1)S(=O)(=O)c1ccc(C(=O)Nc2ccc(F)cc2)cc1,0.6140350877192983,0.17926346104830998,5.5050966705443,5.229389719541486,5.169692189329977,4.270100763164065,0.10553974
CCCOc1ccc(NC(=O)c2ccc(NCCOc3ccccc3)cc2)c(Br)c1,0.6140350877192983,0.021088875783149736,6.231937686340598,5.398209085685312,5.259298440052015,4.52175517279075,0.1768665
O=C(Nc1ccccc1Cl)c1cc(Cl)ccc1O,0.6136363636363636,0.00785925277244927,5.371778276155919,4.528899939547793,4.66704870227835,4.416839350789103,0.049138416
Fc1ccc(N2CCN(CCCc3ccccc3)CC2)cc1,0.6136363636363636,0.001740724096615895,6.008057812526912,5.125249057521134,5.354066118590358,4.478486546545846,0.114256814
Cc1ccc(NC(=O)c2ccc(OCC(=O)Nc3cccc(Cl)c3)cc2)cc1,0.6129032258064516,0.01496819206629483,5.866400040539466,5.174677532389211,5.256416913643769,4.611932378978549,0.13526252
COCCCOc1cccc(C(=O)Nc2cccc(CN)c2)c1,0.6122448979591837,0.0011707347346161373,6.528827089834385,5.348529420173256,5.2015310139254405,4.978282544064911,0.24268132
CCOc1cccc(C(=O)NCCCOc2cccc(C(=O)Nc3ccccc3)c2)c1,0.6122448979591837,0.0052222940529610936,6.119523703299094,5.204988688813437,5.171685497059352,4.6472228778279225,0.17036627
COc1ccc(C(=O)Nc2ccc(C)cc2)cc1-c1ccc(C(C)(C)C)cc1,0.6122448979591837,0.12348757449227356,6.81737784434702,6.331255197337178,5.692937880482371,5.88443641634439,0.6404828
O=C(Nc1cccc(OCCc2ccccc2)c1)c1cccc(Br)c1,0.6122448979591837,0.0013163091448568152,6.285477013921348,5.575524954672009,5.242914878757135,5.162977005644371,0.25453797
COc1cccc(C(=O)Nc2cccc(OCCc3ccccc3)c2)c1,0.6122448979591837,0.000554229454138784,5.851569923138294,4.96290691291475,5.201155711272396,4.5250401082522655,0.11513931
Cc1cc(Cl)ccc1NC(=O)c1ccc(NC(=O)c2ccccc2)cc1,0.6122448979591837,0.010471209538281063,6.043330564488284,4.821090814205455,4.939714739564076,4.433610177154593,0.104012646
Cc1cccc(NC(=O)c2cccc(F)c2)c1,0.6122448979591837,0.0021037304914166377,5.492453291210349,4.860438142886644,5.018903127966038,3.974487709023597,0.054520775
CCCOc1cccc(NC(=O)c2ccc([N+](=O)[O-])cc2)c1,0.6122448979591837,0.011182955001824538,5.496614983221447,4.609100545635825,4.919760966211061,4.248919857594034,0.05456309
CCCOc1ccc(Nc2ccc(C(=O)NNC(=O)c3ccccc3)cc2)cc1,0.6122448979591837,0.08355346485450897,5.8879413791945465,5.278818430016351,5.2469388866465785,4.505308555746439,0.16946575
O=C(CSc1nc2ccccc2n1Cc1ccc(Cl)cc1Cl)c1ccco1,0.6119402985074627,0.1425386225348859,6.04956483044194,4.969159470152361,4.98059220687948,4.669117605205917,0.08413933
CCNCC(O)COc1ccccc1C(=O)CCC(C)C,0.6111111111111112,0.008122416871991726,5.815038789735159,4.914260261306345,5.134838099519755,4.739870649664598,0.10250806
CCCOc1ccc(NC(=O)COC(=O)c2ccc(NC(=O)c3ccccc3)cc2)cc1,0.6111111111111112,0.008273355043067952,6.359508507153199,5.220763480859676,5.174388808923512,4.567528553937812,0.20709667
CCCOc1ccc(NC(=O)c2cccc(C(=O)Nc3ccc(C)c(N)c3)c2)cc1,0.6111111111111112,0.0658918799153882,6.118683687215572,5.597791961032452,5.234907064406553,4.97837035762254,0.17290227
CCCNC(=O)c1cccc(C(=O)Nc2cccc(OCCc3ccccn3)c2)c1,0.6111111111111112,0.006175594952962155,6.422503201867594,5.59335501497744,5.2773059884383535,5.234687927949051,0.25646418
Cc1ccc(NC(=O)Nc2cccc(CN3CCSCC3)c2)cc1Cl,0.6101694915254238,0.0572384847251338,6.264755981705079,5.647269819706207,5.25097574284725,4.85242989853335,0.18188477
O=C(NCC1CCN(Cc2cccc(Cl)c2)CC1)c1ccccc1,0.6101694915254238,0.0058492988900480354,6.213174912992017,5.681333873599417,5.14366291014165,4.803029520138284,0.29610693
Cc1ccc(NC(=O)c2ccc(F)c(S(=O)(=O)N3CCOCC3)c2)cc1,0.6101694915254238,0.2361661286156002,5.973189276029806,5.343437245754537,5.2257679716647365,4.42732240957694,0.0886531
COC(=O)COc1ccc(NCc2ccc(O)cc2)cc1,0.6097560975609756,0.020263678660458702,5.4279247571998965,4.482345122075618,4.9089447135743045,4.2387533276965685,0.041012246
Cc1ccccc1CNc1ccc(OCc2ccccc2)cc1,0.6097560975609756,0.0014539232715417717,5.340179454130895,4.639008174116338,4.705978948897297,4.250633746246229,0.041231632
COc1cccc(NC(=O)c2cccc(OC)c2)c1,0.6097560975609756,0.00026450035922590307,5.853019947345021,5.318033736173903,5.06149166869211,4.221708473996293,0.12857641
COCCOc1cccc(C(=O)Nc2ccc(OC)cc2)c1,0.6086956521739131,0.014006873664946485,6.078219591725306,5.036067146338287,5.034209782059781,4.23780195012148,0.1205349
CCOc1cccc(NC(=O)c2ccc(C(=O)c3ccccc3)cc2)c1,0.6086956521739131,0.00016856565062598323,5.445053107367467,4.681039382598571,4.797335904435548,4.256593010098308,0.0516248
O=C(O)c1ccc(C(=O)Nc2cccc(OCCCO)c2)cc1,0.6086956521739131,0.004375902692249399,5.84182664483646,4.898313633871183,5.052922228589565,4.46216216569368,0.11935142
CCCOc1ccc(NC(=O)c2cccc(Br)c2)cc1,0.6086956521739131,0.019230842795827534,6.563792215934148,5.644239821717433,5.330447951862245,4.465163782790968,0.3131909
O=C(Nc1ccc([N+](=O)[O-])cc1Cl)c1ccccc1,0.6086956521739131,0.009218822816198685,5.364952312760897,4.67907982454168,4.79761259102039,4.675454788216512,0.06200113
CCOc1cccc(C(=O)Nc2cccc(N)c2)c1,0.6086956521739131,0.002179297615022924,5.463024323117836,4.643428034271879,4.836005450332203,4.409172349797014,0.060185924
CCOc1cccc(C(=O)Nc2cccc(CC)c2)c1,0.6086956521739131,0.0007476500596333419,5.942105600345628,5.012360133661474,5.087337216285771,4.3062511164919455,0.1120232
CC(=O)CCCOc1cccc(NC(=O)c2cccc(C(F)(F)F)c2)c1,0.6078431372549019,0.00534165125385427,6.016194572346925,5.2468576939168665,5.133466577696682,4.498003096501533,0.16308703
CCCOc1ccc(C(=O)Nc2ccnc(C)c2)cc1,0.6078431372549019,0.00841243780904106,6.148678860844391,5.061572027995798,5.26864436937364,4.433113153081654,0.10816149
CCCNCCCOc1ccc(NC(=O)c2cccc(OCCO)c2)cc1,0.6078431372549019,0.05052543480910874,6.466951941931554,5.662313874008066,5.378340371943868,5.255284767999939,0.3362344
CCCOC(=O)COc1cccc(NC(=O)c2ccc(Oc3ccccc3)cc2)c1,0.6078431372549019,0.001558511127738735,5.872902438580744,5.153574696806942,5.075552502077764,4.587748123584622,0.1278331
COc1ccccc1C(=O)N1CCN(c2ccccc2OC)CC1,0.6078431372549019,0.012218237977163891,5.73408077014788,4.877524145601935,5.152660481445348,4.509587954605146,0.06953315
COc1ccc(NCc2ccccc2)cc1N(C)c1ccc(OCc2ccc(O)cc2)cc1,0.6078431372549019,0.00657998565790834,6.1306941935055255,5.102902626327272,5.197838054625268,4.6882269176250695,0.14955345
CCCOc1ccc(NC(=O)c2ccc(C(=O)Cc3ccccc3)c(C)c2)cc1,0.6071428571428571,0.052957315724916576,6.1069757296172,5.379254261650117,5.226097296578525,4.429424820754315,0.13715732
CCCOc1ccc(NC(=O)c2ccc(-c3ccccc3C)c(Cl)c2)cc1,0.6071428571428571,0.00987712147703575,6.66450799748696,5.810833211915554,5.414345746867213,4.9907230911964096,0.4419125
CCOc1ccccc1NC(=O)C1CCN(Cc2ccc(F)cc2)CC1,0.6065573770491803,0.0011115898993947575,5.693038989140936,4.839188193783954,5.194166640770014,4.354494482402197,0.065458074
COc1ccccc1C(=O)Nc1ccc(-c2nc3ccccc3s2)cc1O,0.6065573770491803,0.2625885340407764,6.992598543745083,5.913078822632824,5.393012376384787,5.342339438974275,0.4604259
CCOc1ccc(NCc2cccc(OCc3ccccc3)c2)cc1,0.6046511627906976,0.0009011948861316155,5.627948638797462,5.228105143850009,5.084391655448304,4.594506074521218,0.13973956
CCN(CC)CCOc1ccccc1Cl,0.6046511627906976,0.00031781437774666346,5.674398102335825,5.188961302524042,5.149038418372618,4.056825823587004,0.13639288
COc1ccc(Cl)c(Nc2ccc(Cl)c(Cl)c2)c1,0.6046511627906976,0.001405442394387034,5.827958442458788,5.538501090051851,5.180919268534479,4.684963884528895,0.19608821
O=C(Nc1cc(F)ccc1F)c1cc([N+](=O)[O-])ccc1O,0.6041666666666666,0.11328380060710787,5.416662004856396,4.784644368830662,5.057585960057677,4.609160603523979,0.045958813
COc1cscc1-c1ccc(NC(=O)c2ccc(C(C)(C)C)cc2)cc1,0.6041666666666666,0.3195913906869302,7.031272518262802,6.496767281363325,5.874229412491301,5.952036372192638,0.6943437
CCOc1cccc(NC(=O)c2cccc(-c3cccc(OC)c3)c2)c1,0.6041666666666666,0.00030854113796417287,6.473476397310229,5.691018475686169,5.665348072599032,5.092227987657814,0.37769884
CCCOc1ccc(C(=O)Nc2ccc(OC)cc2)cc1,0.6041666666666666,0.07372437932881193,6.119122046366815,5.263203170716358,5.228359076368786,4.105686281775149,0.14228955
COc1cccc(NC(=O)c2ccc(OCCCOc3ccc(C)cc3)cc2)c1,0.6041666666666666,0.0010483306763157997,5.678051206018004,5.04422771273591,5.085623977398212,4.483359468692032,0.10121368
C=C(C)c1cccc(NC(=O)c2cccc(OCCO)c2)c1,0.6041666666666666,0.00472682901105892,6.290370863909682,5.40267957724044,5.155526984539465,5.270839907997491,0.22582217
Cc1ccc(NC(=O)c2ccc(NC(=O)c3ccccc3)cc2)c(C)c1,0.6041666666666666,0.019056275749309036,5.791879941695415,5.249809217067002,5.197982624671607,4.163401595709495,0.12528802
CCCOc1cccc(C(=O)c2ccc(C(=O)Nc3ccccc3)cc2)c1,0.6041666666666666,0.003373644042785295,5.995563271106474,4.988378629054507,5.263451307329113,4.405198234451911,0.12895507
CCCOc1cccc(C(=O)Nc2ccc(C#N)cc2)c1,0.6041666666666666,0.020427437495637912,5.505955531327145,4.691893792878388,4.922677004890264,4.340968037899922,0.051625714
CC(C)COC(=O)c1ccc(NCc2ccc(OCc3ccccc3)cc2)cc1,0.6041666666666666,0.0009375276311633096,5.779007594100846,4.90499026097251,5.162609164301936,4.505518135256371,0.08395958
CN1CCN(c2ccc(C(=O)Nc3ccc(C(C)(C)C)cc3)cn2)CC1,0.603448275862069,0.07064167374650344,6.433340893690268,5.5678523921867376,5.229053352029616,4.898315704912507,0.15700662
CCNCCSSCCc1ccc(OCC(=O)N(Cc2ccccc2)Cc2ccco2)cc1,0.6031746031746031,0.024231040397790726,6.052162349809487,4.562947604646581,5.027259171324885,4.587559252251673,0.068506286
CS(=O)(=O)c1cccc(NC(=O)NCC2CCN(Cc3ccccc3)CC2)c1,0.6031746031746031,0.007200009635852043,5.682763880577053,5.421002874079241,5.145253151608393,4.049615775102009,0.14212188
CC(=O)Nc1ccc(NC(=O)c2ccc(C(C)(C)C)cc2)cc1,0.6,0.0353718516508089,5.827539636628553,5.491098102793453,5.214249910777302,4.099384521848247,0.16499534
CCCOc1cccc(C(=O)Nc2ccc(OC)c(C)c2)c1,0.6,0.001821215720632759,6.300134402216342,5.263903669968864,5.130438544585511,4.662544335623247,0.16912813
CCOC(=O)COc1ccc(CN(C)Cc2ccco2)cc1,0.6,0.010398586102587632,5.7973168959855625,4.486098909036872,5.020995761634835,4.436229080087646,0.0622556
Cc1ccc(NC(=O)c2ccc(C(C)(C)C)cc2)cc1,0.6,0.06691340338072897,5.675017380286999,5.180126830749413,5.211528747767778,4.109773417919062,0.10314579
COc1cc(C)c(C)cc1C(=O)Nc1ccc(C(C)(C)C)cc1,0.6,0.3224710339431395,6.290158184833623,5.520887284788431,5.2931516707113735,4.796612708713579,0.21413942
CCOc1cccc(NC(=O)c2ccc(O)cc2)c1,0.6,0.0028035070063866132,5.29507216625261,4.5542462909860495,4.717955450286491,4.024412921857905,0.03760653
COc1ccc(-c2nc3ccccc3s2)cc1NC(=O)CCc1ccc(Cl)cc1,0.6,0.06087810208538126,5.8489807359617,4.941335549593975,4.893822375487275,4.534476173890187,0.12291489
CCc1cccc(NC(=O)c2cccc(OCCN(C)C)c2)c1,0.6,0.0013240710406822957,6.214278836815459,5.03198127743566,5.128188854527041,4.787180934479748,0.116310984
COCCOc1ccc(C(=O)Nc2cccc(NC(=O)c3ccccc3)c2)cc1,0.6,0.0036389233089648538,6.028865107038499,5.164185745870623,5.247126127033478,4.571639812479265,0.12957147
CCc1ccc(C(=O)Nc2cccc(OCCCN(C)C)c2)cc1,0.6,0.00014901466140933772,5.712564369269698,5.031647830288434,5.152558994029693,4.61300638003266,0.11128397
CCOc1ccc(CNCc2ccc(NCc3ccccc3)cc2)cc1,0.6,0.0017020380238383728,5.818745398140888,5.346169751630532,5.631695832015394,4.100303174652902,0.14586413
O=C(C=Cc1ccccc1)OCCc1ccc(F)cc1,0.6,0.0014344235573825208,5.891236420649681,4.986327018583447,5.204403365080535,4.637460333009767,0.0782799
CCc1ccc(C(=O)Nc2ccc(OCCc3ccccc3)cc2C)cc1,0.6,0.004411118200861109,6.16574272102452,5.070527958933491,5.207224767481107,4.442675898971675,0.118814684
Cc1ccc(C)c(C(=O)NCCCN2CCN(c3ccc(Cl)cc3)CC2)c1,0.6,0.04885913083433651,6.4883441846607965,5.592497750243949,5.270476608350457,4.736391385153314,0.20801233
CCc1ccccc1C(=O)Nc1ccc([N+](=O)[O-])cc1Cl,0.6,0.0355752138791914,5.356784968539632,4.598249954607088,4.903568696652067,4.414484287607796,0.053205892
CCCNCCCOc1cccc(C(=O)Nc2ccc(C)cc2)c1,0.6,0.019210776042917724,6.1071183882882,5.082329640038862,5.16566456854248,4.971481554816497,0.15566967
CNc1ccc(C(=O)Nc2ccc(C(C)(C)C)cc2)cc1,0.6,0.029854216620235328,5.621393621497641,5.095818092392681,5.150682927266313,4.348523594358124,0.10190676
Cc1cc(Cl)ccc1NC(=O)NCC(=O)NCC1CCN(Cc2ccccc2)CC1,0.6,0.006193726020015142,5.813271801438129,4.979922421111215,5.174992352843623,4.400839755496096,0.078823134
CCc1ccc(NCc2ccc(OCc3ccccc3)cc2)cc1N,0.6,0.007706071943124132,5.417715528380594,4.5799894906399805,4.836007107147742,4.178656733656767,0.043529864
Cc1cccc(NC(=O)c2cccc(NC(=O)c3cccc(F)c3)c2)c1,0.6,0.002362746582748857,5.726950013376528,5.231569895755625,5.223748113110896,4.442172247623039,0.120993346
CCCOc1ccc(C(=O)Nc2ccccc2Cl)cc1,0.6,0.0017064343030832483,6.093233083869378,4.953208527423463,5.209605418668526,4.446788361947935,0.11224503
CC(C)(C)c1ccc(C(=O)Nc2ccc(C(=O)O)cc2)cc1,0.6,0.09376590277603901,5.4150810993952,5.090657240324506,4.870262691919349,4.063316442274446,0.09976125
CCCOc1ccc(NC(=O)c2ccc(NC(=O)CC(=O)O)cc2)cc1,0.6,0.0498848467922679,5.656868501209919,5.02985508634596,5.094678139503293,4.369507032841809,0.12255535
COc1ccc(NC(=O)c2cccc(F)c2)cc1OC,0.6,0.0018256563959766702,5.294336445588893,4.642860588897486,5.087299521707559,3.9845506127999992,0.031441752
COc1ccc(C(=O)Nc2ccc(OC)c(N3CCN(C)CC3)c2)cc1,0.6,0.012845059758471198,6.2215231142279,5.50765461063102,5.21754149028626,4.551710618031891,0.16918613
CCCOc1ccc(CNCc2cccc(NC(=O)c3ccccc3)c2)cc1,0.6,0.025975564940000383,6.349055781282304,5.632979912351778,5.247559431169352,5.012511323273013,0.25844833
CC(C)(C)c1ccc(NC(=O)c2ccc(NC(=O)c3ccccc3)cc2)cc1,0.6,0.027312510067759414,5.951868895491134,5.288922112415123,5.098660105928321,4.110045534722828,0.15912639
COc1cccc(C(=O)Nc2ccc(C(C)(C)C)cc2)c1,0.6,0.007235508247639754,5.607095580874072,5.133252005625461,5.125622693684512,4.22349194344528,0.09769291
Cc1ccc(C(=O)Nc2ccc(C(C)(C)C)cc2)cc1,0.6,0.06691340338072897,5.616740910268878,5.039596720757391,5.1940344981303,4.23447647780922,0.08385628
CSc1cccc(NC(=O)c2cccc(OCCCN)c2)c1,0.6,0.005321857816383473,6.58444002527698,5.725506050531263,5.304576075587652,5.096778271024225,0.3272137
Cc1ccc(CCCOc2cccc(C(=O)Nc3cccc(C)c3)c2)cc1,0.6,0.0012367859591197498,5.869919193407312,5.002700578390448,5.2043482709210975,4.596619695348997,0.10418128
CCCOc1ccc(C(=O)Nc2ccccc2NC(=O)CC)cc1,0.6,0.012692204067888846,5.758740651442983,5.07244913133725,5.152056942047514,4.390444934645528,0.08987984
COc1ccc(NC(=O)NCC2CCN(Cc3cccc(C)c3)CC2)cc1N,0.5970149253731343,0.0026493420813062077,5.860347212832807,5.3735869928904725,5.231004864158356,4.303970206003194,0.18649398
Nc1ccc(NC(=O)CSc2nc3ccccc3n2Cc2cccnc2)cc1,0.5970149253731343,0.8721394677714174,6.185283759748682,5.2372686855458666,5.221926265009423,4.960153222233015,0.10400805
O=C(Nc1cccc([N+](=O)[O-])c1)c1nc(-c2ccccc2)no1,0.5967741935483871,0.020819918339734858,6.129954514314304,5.760500458873047,5.222288729002519,5.155879498329028,0.29636264
Cc1ccc(NC(=O)c2ccc(F)cc2)cc1NC(=O)c1cc2ccccc2o1,0.5967741935483871,0.016083625046002636,5.757127342820137,4.796383241129129,5.107268177844747,4.4303289901843455,0.05190967
CC(C)CNc1ccc(OCC(=O)N(Cc2ccc(Cl)cc2)Cc2ccco2)cc1,0.5967741935483871,0.056610717070628834,6.597566950665338,5.393569994484723,5.182654513358158,5.1220644530227615,0.25343034
Nc1ccc(NC(=O)c2ccc(F)c(S(=O)(=O)N3CCOCC3)c2)cc1Cl,0.5967741935483871,0.08538744576876037,5.550472055116657,5.159251371434236,5.213039492057313,4.742840037456316,0.07787346
COc1ccccc1NC(=O)c1ccc(C(=O)Nc2nc3ccccc3s2)cc1,0.5964912280701754,0.008605177223143872,6.018670188547808,5.199251030389569,5.177770230598835,4.70492150519898,0.15612765
COC(=O)c1ccccc1OCC(=O)Nc1ccc(OC(F)(F)F)cc1,0.5964912280701754,0.003091432089391947,5.705877190519166,4.983921669081358,5.032158563631988,4.430453660366259,0.10994525
CCCOc1ccc(-c2ccc(C(N)=O)cc2NC(=O)c2ccccc2)c(C)c1,0.5964912280701754,0.16221808004108298,6.035557720951707,5.385436078955961,5.270945956707882,5.017286432485986,0.22938323
CCOCCNC(=O)c1ccc(NC(=O)Nc2ccc(NC(=O)c3ccccc3)c(C)c2)cc1,0.5964912280701754,0.06695380358796858,5.95194828109863,5.618178694856413,5.227429923734546,4.962120321505471,0.14386274
CCc1ccc(OCCN(C)CCOc2ccc(NC(=O)c3ccccc3)c(C)c2)cc1,0.5964912280701754,0.00216475128720092,6.299044194324039,5.418528353514703,5.399601892582681,4.890707532744193,0.22445907
CN(C)CCCOc1cccc(NC(=O)c2cccc(S(=O)(=O)O)c2)c1,0.5961538461538461,0.0020223985528662496,5.453485607331294,4.973982995519232,5.046790086850656,4.704566538816401,0.08089857
CCOc1ccc(NC(=O)c2ccc(-c3ccccc3)cc2)c(C)c1,0.5961538461538461,0.0024869675126483752,6.381412729661585,5.463883158511069,5.121723541460559,4.6389236786363055,0.26159647
CCc1ccc(C=CC(=O)OCCc2ccccc2)cc1[N+](=O)[O-],0.5961538461538461,0.06151315262925069,6.19985268141212,5.086145487891061,5.175456713076205,4.970658511118413,0.11107979
CCOC(C)OCCOc1cccc(NC(=O)c2cccc(O)c2)c1,0.5961538461538461,0.04486714259052573,6.14438302682363,5.166541920828886,5.141957098497602,4.755261443286865,0.15989089
CCCOc1cccc(NS(=O)(=O)c2cccc(C(=O)Nc3ccccc3)c2)c1,0.5961538461538461,0.09711596066527431,5.539757304700268,5.090058268820167,5.135592830294616,4.512220539403289,0.07690327
Clc1cccc(Nc2nccc(-c3ccccc3)n2)c1,0.5961538461538461,0.051541443642629574,6.3182180507767205,5.464593676346804,5.27702512429465,5.1615168249066175,0.18891084
CCOc1cccc(NC(=O)c2ccc(Cl)c(Cl)c2)c1,0.5957446808510638,0.00010954598638386376,6.122511158732882,5.400483893722536,5.061169403048134,4.267338575518194,0.16713347
CCOc1cccc(C(=O)Nc2cccc(NC(=O)c3cccc(F)c3)c2)c1,0.5957446808510638,0.0012051664391377062,6.200315633973572,5.289049289026324,5.234952631536206,4.856346622076233,0.15259781
CCOc1cccc(NC(=O)Nc2ccc(NC(=O)c3ccccc3)cc2)c1,0.5957446808510638,0.024862642041124854,5.770130054057276,4.926292232392529,5.159473815775257,4.292665889587893,0.081602134
CCOc1cccc(NC(=O)c2ccc(OC(C)C)cc2)c1,0.5957446808510638,0.000917131917375899,6.094258403544983,5.522018359549081,5.311430830346107,4.787250520225539,0.22991225
COc1cccc(NC(=O)c2ccc(OCCO)cc2)c1,0.5957446808510638,0.0012124599664000981,5.216165786848893,4.623421255182556,4.930164687308865,4.014302792359243,0.035854734
COCCCOc1cccc(C(=O)Nc2ccc(C)cc2)c1,0.5957446808510638,0.0061445741468394745,5.928141875497575,4.698706074948734,4.97516433543147,4.363149291238869,0.08974175
CC(C(=O)Nc1ccc(OCc2ccccc2)cc1)c1ccc(NCc2ccccc2)cc1,0.5957446808510638,0.03725370487365882,6.000337663298412,5.139899604241209,5.119953535825911,4.668469390325373,0.1349196
O=C(C=CCc1ccccc1)OCCc1ccccc1,0.5952380952380952,0.0014944080004675663,5.849396240291672,4.91782329254626,5.152784337520447,4.570567057995487,0.08474483
CC(C)Oc1cccc(NC(=O)c2cccc(OC(C)C)c2)c1,0.5952380952380952,0.0009804778639062473,6.4507017529254025,5.476519240982649,5.442819666714165,5.054885228467532,0.24950488
CS(=O)(=O)N1CCC(c2ccncc2)CC1,0.5952380952380952,0.0017990553579211334,5.778005101956762,5.089648184653823,4.960563293397616,4.567098623901597,0.1262744
CNCCCOc1ccc(NCc2ccc(O)cc2)cc1,0.5952380952380952,0.2595139206838757,5.78608019721849,5.568809698841594,5.1775366004551895,4.330091553933935,0.23414968
COc1ccc(NC(=O)c2ccc(-c3cc(Cl)cc(Cl)c3)cc2)cc1N1CCN(C)CC1,0.5942028985507246,0.01863089768734053,6.398926177953888,6.547978026542987,5.735965256449922,5.809009870556517,0.66754746
C[S+]([O-])c1cccc(NC(=O)NCC2CCN(Cc3ccccc3)CC2)c1,0.59375,0.01476798169813613,5.576684461521113,4.986592116592601,5.210228853859392,4.343791534346242,0.082954235
COc1c(F)cccc1OCC(=O)Nc1ccc(OC(F)(F)F)cc1,0.5932203389830508,0.0033832720340067663,5.507539432790682,4.846844346936964,5.060303676711487,4.496504148291189,0.07629651
CC(=O)Nc1ccc(Nc2ncccc2-c2ccncc2)cn1,0.5932203389830508,0.005771645623010932,6.845528746267676,5.951924651960839,5.490534235421846,5.593217040473414,0.5070853
O=C(COc1ccnc2ccccc12)Nc1ccc(OC(F)(F)F)cc1,0.5932203389830508,0.032353287216374885,6.141745830913028,4.992519960722155,5.209282723699781,4.764335307698777,0.087824106
CC(=O)Nc1cccc(NC(=O)Nc2ccc(N3CCOCC3)cc2)c1,0.5932203389830508,0.5729683619605256,5.90684393857114,5.301574771165114,5.125362556750262,4.5983787682935535,0.18259315
CCCOc1ccc(NC(=O)c2ccc(C(=O)NCCc3ccccc3)cc2)cc1,0.5925925925925926,0.011971309482307688,6.035313714209973,5.11421603987396,5.215753200230618,4.317129244614176,0.11761729
CCCOC(C)CCOc1cccc(NC(=O)c2cccc(CO)c2)c1,0.5925925925925926,0.01607604424632794,6.311270026380671,5.521098584394697,5.255915256653638,4.734742877023126,0.22593915
CCCOc1ccc(C(=O)Nc2ccc(NC(=O)c3ccccc3)cc2)c(Br)c1,0.5925925925925926,0.33325374226529203,6.422974950607638,5.742710490093827,5.237680447114837,4.899287437588118,0.2887717
CCCOc1ccc(C(=O)Nc2ccc(C(=O)O)c(C(N)=O)c2)cc1,0.5925925925925926,0.021013518739850127,5.638479018356229,5.365200875655429,5.092996378288852,4.400388707038482,0.15387034
CCCOc1ccc(C(=O)Nc2ccc(Oc3ccccc3C(=O)O)cc2)cc1,0.5925925925925926,0.01452275131211624,5.863065143913296,5.513365040896742,5.203141170595605,4.690623454244874,0.24084304
CNC(=O)c1ccc(OCc2ccc(NC(=O)c3ccccc3)cc2C)cc1,0.5925925925925926,0.011399123492042031,5.535595269843313,4.732311535249744,5.063459229456054,4.541993718688857,0.06590038
CCCOCCOC(=O)c1ccc(NC(=O)c2ccccc2)c(C)c1,0.5925925925925926,0.0025428420028056693,6.424684220594027,5.644697894660306,5.094758499542161,4.471933266162172,0.28882664
CCCOc1ccc(C(=O)Nc2ccc(C(=O)NCC)cc2)cc1,0.5918367346938775,0.06559271869979404,6.450106357466381,5.448526526165863,5.284414596860071,4.458172298057744,0.22018507
CCOc1ccc(C(=O)Nc2ccc(C)c(C)c2)cc1,0.5918367346938775,0.0018861715783752354,5.930355244574555,5.045588844331126,5.160917426097979,4.141076391265545,0.09700872
Cc1ccc(OCCCOc2ccc(NC(=O)c3ccccc3)cc2)cc1,0.5918367346938775,0.04180909087186902,5.656384524825256,4.803104904867899,5.118130509719805,4.496871533482723,0.08599639
O=C(Nc1cccs1)Nc1c(Cl)ccc(C(F)(F)F)c1Cl,0.5918367346938775,0.0034326678716775226,6.188037489625808,5.207527164330848,5.133432196456502,4.725970582783854,0.13626
O=C(Nc1cccc(OCCc2ccccc2)c1)c1cccc(Oc2ccccc2)c1,0.5918367346938775,0.00030562186009269466,5.926042303022006,4.8700560030217215,5.197405587254007,4.796338921578493,0.09525096
COc1ccc(C(=O)Nc2cccc(OCCN(C)C)c2)cc1,0.5918367346938775,0.0004763607980114625,5.717128256754734,4.973250250122705,5.148211193449973,4.433368706290563,0.09947594
CCOc1cccc(NC(=O)c2cccc(NC(=O)c3ccccn3)c2)c1,0.5918367346938775,0.001665554324327998,6.044539221901719,5.232165167449256,5.084071044698051,4.651203281786028,0.13723058
CNC(=O)c1cccc(NC(=O)c2cccc(OCCOC(C)C)c2)c1,0.5918367346938775,0.0320324852712519,6.445506501048257,5.911634655927771,5.355857004691821,5.273219791354034,0.4360376
CC(C)OC(=O)CCOc1cccc(NC(=O)c2ccccc2)c1,0.5918367346938775,0.00428896450536758,5.7220473047122615,4.796065548655596,5.111745991053833,4.158519638450402,0.07095105
O=C(C=Cc1ccc(O)c(Cl)c1)OCCOc1ccccc1,0.5918367346938775,0.003387560063705003,5.996337510133984,4.874985887300643,5.064829066579875,4.655608236458763,0.084601395
CCOC(=O)c1ccc(C(=O)Nc2cccc(OCCO)c2)cc1,0.5918367346938775,0.0005914427214780602,6.097014029872343,5.094183552500648,5.117616036276659,4.669400914471401,0.16072582
O=C(Nc1cccc(OCCCc2ccc(O)cc2)c1)c1ccccc1,0.5918367346938775,0.009985253442080726,6.33685282185373,5.6211941126152585,5.261976572582968,5.236426935747346,0.26779962
CCCOc1ccc(NC(=O)c2ccc(NC(=O)c3ccc(F)cc3)cc2)cc1,0.5918367346938775,0.01956122403409074,5.95495375100366,5.097482871646879,5.157077465591198,4.161206433697715,0.12692682
CNC(=O)Nc1ccc(NC(=O)c2ccccc2)cc1C,0.5918367346938775,0.04609635072805612,5.845297576897554,5.565285214887594,5.132612017583513,4.181162533308713,0.19753529
CN(CCOc1cccc(NC(=O)c2ccccc2)c1)c1ccccc1,0.5918367346938775,0.0008800462688825114,6.45477862272508,5.442639864730118,5.304031739320702,4.854917614145653,0.25250635
CCOc1cccc(NC(=O)c2ccc(NC(=O)c3cccc(F)c3)cc2)c1,0.5918367346938775,0.002198786468844318,5.746015994753299,5.064312115589517,5.145938707896519,4.210921509944619,0.09946187
CCCOCCOc1cccc(C(=O)Nc2ccc(C)cc2)c1,0.5918367346938775,0.0316937595053357,6.105578175451214,4.785931290577749,4.969251425677144,4.42930594919307,0.113281585
CCOc1cccc(NC(=O)c2cccc(NC(=O)Nc3ccc(F)cc3)c2)c1,0.5918367346938775,0.014349430243980554,5.907417620315414,5.104219871571099,5.212531215777613,4.589679913014938,0.09632648
CCOCCOc1cccc(NC(=O)c2ccncc2)c1,0.5918367346938775,0.0032266601892170566,5.727416831012054,4.671752713064554,5.002454119181899,4.253545037807303,0.07727342
Cc1cccc(NC(=O)c2cccc(OCCC(C)C)c2)c1,0.5918367346938775,0.0009456948860281305,6.170507776479106,5.095815607029872,5.164782245683316,4.650536015202453,0.15862587
CCCOc1ccc(C(=O)Nc2ccc(N)cc2)cc1,0.5918367346938775,0.04552007700522197,5.4658324225384245,4.782063898823424,5.046464922890785,4.248708210163683,0.049299832
CCCOc1ccc(C(=O)Nc2ccc(Cl)cc2)cc1,0.5918367346938775,0.07962872368492231,6.013544837571163,5.2405449673452855,5.0956652425831885,4.056776536141583,0.13227159
O=C(Nc1ccc(O)cc1O)c1cc([N+](=O)[O-])ccc1Cl,0.5918367346938775,0.21236521769918534,5.467014825384736,4.895833769549069,5.152724687771277,4.843337277562224,0.05929567
CCCOc1ccccc1Oc1cccc(C(=O)Nc2ccccc2)c1,0.5918367346938775,0.0023342463288842977,5.931973565635545,4.706693437956687,5.001387510164085,4.405962821865714,0.11349688
COC(=O)CCCOc1cccc(NC(=O)c2ccc(F)cc2)c1,0.5918367346938775,0.0011463635875445777,5.644529458044611,4.788150578772871,5.093546471523271,4.018047806039273,0.06701391
O=C(Nc1cccc(OCCOc2cccc(F)c2)c1)c1cccc(Cl)c1,0.5918367346938775,0.0027727902210039532,6.259082609466701,5.417848513505258,5.224881487199704,5.2261996151452,0.18263625
CCC(C)NC(=O)c1ccc(NCc2ccc(OCc3ccccc3)cc2)cc1,0.5918367346938775,0.009071138487647528,5.534094405030936,4.8680694704211,5.138371500358264,4.553865650075962,0.08469169
CCCOc1ccc(C(=O)Nc2ccc(NC(=O)c3ccc(F)cc3)cc2)cc1,0.5918367346938775,0.01956122403409074,6.1296675184157445,5.343597567022287,5.276030086705014,4.347322872851503,0.15431584
Cc1ccc(C(=O)Nc2cccc(OCCCN(C)C)c2)cc1,0.5918367346938775,0.00022167848615031326,5.799290024836872,5.011263284258138,5.158319756486171,4.611914982896038,0.103582874
COc1ccc(C)cc1NC(=O)CCNS(=O)(=O)c1ccccc1Oc1cccnc1,0.5915492957746479,0.004450149773029332,5.331481955403499,5.176039131100161,5.144376633939947,4.707417867794504,0.099103294
COc1cccc(NC(=O)c2cccc(C(=O)O)c2)c1,0.5909090909090909,0.0008107505442291137,5.283660652487424,4.74826065383678,4.515374174550825,3.762986586286885,0.049993534
COc1ccccc1C(=O)Nc1ccc(C(C)(C)C)cc1,0.5909090909090909,0.13638482062070567,6.402428952633295,5.437646432123638,5.278192077754385,4.470577215463046,0.23266238
CC(=O)Nc1ccc([N+](=O)[O-])cc1Cl,0.5909090909090909,0.011498352680782305,4.909706029911767,4.462534106071248,4.135406664992603,4.2169797540331455,0.03127587
CC(C)Oc1cccc(NC(=O)c2cccc(C(=O)Nc3ccccc3)c2)c1,0.5909090909090909,0.004037500299086598,5.680310162371484,5.044371033325915,5.071191960407815,4.220673846396989,0.082716554
CCOC(=O)Nc1cccc(N2CCN(CCCNC(=O)Nc3ccc(Cl)cc3)CC2)c1,0.5909090909090909,0.12645441172904273,6.09062470069422,5.311901844400462,5.278250487581089,5.236296862230739,0.21375878
COc1ccc(OC)c(C(=O)Nc2ccc(C(C)(C)C)cc2)c1C,0.5909090909090909,0.076041634576944,6.155047962277486,5.596024182793977,5.314226260939927,4.223235150344761,0.2288897
COc1ccc(NC(=O)NCC2CCN(Cc3ccccc3)CC2)cc1,0.5901639344262295,0.044249627622929784,5.516539906512032,4.729407180417882,5.136746466869333,4.185156488480771,0.048821077
COc1ccc(C(=O)Nc2ncccc2-c2nc3ccccc3s2)cc1,0.5901639344262295,0.06088147404688684,7.055022367453124,5.373129220850851,5.31604196717737,5.097363988404224,0.28516343
CS(=O)(=O)N(CC(=O)NCCc1ccccc1)C(=O)NCc1ccc(C(F)(F)F)cc1,0.5901639344262295,0.0056698357970053,5.196963178174289,4.80878899872658,5.101741959711315,4.42620079237784,0.044855952
O=C(CSc1nc2ccccc2n1CCc1ccccc1)Nc1ccccc1,0.5901639344262295,0.13621864679592505,6.228512858290287,5.074352493085277,5.030700923384367,4.775835567564669,0.09670967
Nc1ccccc1OCC(=O)Nc1cccc([N+](=O)[O-])c1,0.5901639344262295,0.008195365224169337,5.4941022229426135,4.958469859761419,4.849313421065138,4.67036474591148,0.075516805
CC(=O)Nc1cccc(CN2CCC(Cc3cccc(Cl)c3)CC2)c1,0.5901639344262295,0.0018205769508392714,5.867421527360867,5.614301031616527,5.541061581663268,5.361580974615178,0.32523495
Cc1ccc(Cl)cc1C(=O)NCC1CCN(Cc2ccccc2)CC1,0.5901639344262295,0.008489848769241444,6.242271156120616,5.360235009520608,5.210539535902391,4.517730910526226,0.19530968
c1ccc(CNc2cccc(OCc3ccccc3)c2)cc1,0.5897435897435898,7.26775844946315e-05,5.5704554145983165,4.926771888110799,5.001643910521439,4.304545507354806,0.069770634
NCCCNS(=O)(=O)c1ccccc1Cl,0.5897435897435898,0.0008378923881166198,5.19950661711231,5.035346816958537,4.9981180962732,4.563022987342093,0.090381615
COc1cccc(C(=O)N(C)Cc2cccs2)c1,0.5892857142857143,0.0033421085126414457,5.368611576178592,4.438630949533361,4.473703090614126,4.28546075252391,0.036427613
CCCOc1ccc(C(=O)NCCCNCCOc2ccc(NC(=O)c3ccccc3)cc2)cc1,0.5892857142857143,0.04800696723597174,6.336876273596435,5.570712713268133,5.318730110099806,4.960896735128226,0.2629254
COc1ccc(CNC(=O)c2cccc(C)c2)cc1OC,0.5892857142857143,0.0003417792455838928,5.310019031590503,4.511285300754613,4.765406013652534,4.278811037650214,0.04190089
O=C(NC1CCN(Cc2ccccc2)CC1)c1ccccc1,0.5892857142857143,0.010245899448849526,6.22256235379387,5.466147702252245,5.231327561807445,4.965434444490823,0.23911987
Cc1cc(NC(=O)c2ccc(Cc3ccccc3)cc2)ccc1NC(=O)c1cccc(Br)c1,0.5892857142857143,0.010782523303997676,5.771915789634949,4.933769979029065,5.0864950946502185,4.58460648132054,0.08410927
COc1cnccc1C(=O)N1CCN(c2ccccc2OC)CC1,0.5892857142857143,0.058221650549638265,5.989863172459863,5.155222522016205,5.243488612238783,4.623768348834738,0.117184535
CCOC(=O)Oc1ccc(C(=O)Nc2cccc(OCCOc3ccccc3)c2)cc1,0.5882352941176471,0.0014618063105458902,5.609707810103523,4.856066619336307,5.088977966391469,4.474363306015748,0.08111701
COc1ccc(NC(=O)CCCS(=O)(=O)c2ccc(C(F)(F)F)cn2)cc1OC,0.5882352941176471,0.1142426165607325,5.675604752031745,5.053064721055888,5.19367700882614,4.4913371478946456,0.079315804
CCCOc1ccc(NC(=O)c2ccccc2)cc1O,0.5882352941176471,0.014723640771373952,5.66496188249129,4.834221060247639,5.0713928591930975,4.055099106314371,0.08416077
CCOCCOc1cccc(NC(=O)c2cccnc2)c1,0.5882352941176471,0.01075115099388349,5.553115436217782,4.388859017784737,4.82991872715591,3.984069750414496,0.032961715
CCCNCCOc1ccc(NC(=O)c2ccccc2)cc1,0.5882352941176471,0.03877060398592531,6.392091278179214,5.483586380425332,5.464234895869667,4.445921882600332,0.23243089
CC(C)COc1ccc(C(=O)Nc2cccc(OCCCF)c2)cc1,0.5882352941176471,0.006103413620694461,6.0405000816278935,4.808303553812402,5.163216019694102,4.656077104343268,0.13570385
CCN(CC)CCOc1cccc(C(=O)Nc2cccc(C(N)=O)c2)c1,0.5882352941176471,0.008461100902005757,5.806422512239869,4.862458637792567,5.149195413012438,4.830268314910652,0.09283137
CC1CCN(Cc2cccc(CNC(=O)Nc3ccc(Cl)c(Cl)c3)c2)CC1,0.5873015873015873,0.0012618736755738932,6.09600674121549,5.322059534642433,5.200808162835013,4.914527840643954,0.13840298
CCOc1cccc(NC(=O)c2ccc(Cl)cc2)c1,0.5869565217391305,0.0006442944810321627,5.605771133985548,4.724785563735676,4.703295784138932,4.012751274956035,0.07239847
CCOc1ccc(NC(=O)c2cccc(NC(=O)c3ccccc3)c2)cc1,0.5869565217391305,0.00515085322580153,5.813430948310018,5.031612207365017,5.207945963311698,4.260952700447556,0.108538374
CCc1cccc(C(=O)Nc2cccc(OC)c2)c1,0.5869565217391305,0.0004181951238098886,5.788018067889184,4.694222402351623,4.824021300565109,4.590066767970969,0.07184594
COc1cc(C(=O)Nc2ccc(O)cc2)cc(Br)c1OC,0.5869565217391305,0.49186642985846896,5.807231708215786,4.954601939080894,5.16469815577192,4.346522668011264,0.09030072
